threshold,bull_n_fired,bull_baseline_alpha,bull_kept_alpha,bull_net_dalpha,bull_cohort_hit_rate,bull_discrim
0.02,41,-0.07779412369435908,4.29009228441406,4.3678864081084186,96.29629629629629,11.92086108542992
0.05,28,-0.07779412369435908,-2.2841342978685506,-2.2063401741741915,48.148148148148145,11.68075601866618
0.08,6,-0.07779412369435908,-0.9429030707216943,-0.8651089470273352,3.7037037037037033,26.393100633365385
0.12,4,-0.07779412369435908,-1.3615588986562346,-1.2837647749618755,0.0,
