filter,n_fired,net_dalpha_pp,cohort_hit_pct,discrim_pp
Spec 007 alone (Class 3 @ 0.60),33,2.2385348443030217,88.88888888888889,14.425406767067823
Class 5 alone (surprise @ 0.02),41,4.3678864081084186,96.29629629629629,11.92086108542992
Hybrid B union (Class 3 OR Class 5),43,-1.8534717667127572,96.29629629629629,13.084418168056189
Hybrid B intersection (Class 3 AND Class 5),31,4.06004333348399,88.88888888888889,12.348526971254921
