threshold,lookback_days,bear_n_fired,bear_baseline_alpha,bear_kept_alpha,bear_net_dalpha,bear_cohort_hit_rate,bear_discrim
1,30,5,12.298781919652841,14.533689950098537,-2.2349080304456965,5.555555555555555,8.071462393204296
2,30,0,12.298781919652841,12.298781919652841,0.0,0.0,
3,30,0,12.298781919652841,12.298781919652841,0.0,0.0,
